"Inner_Iter",     "rms[P]"     ,     "rms[U]"     ,     "rms[V]"     ,     "rms[k]"     ,     "rms[w]"     ,     "Min CFL"    ,     "Max CFL"    ,       "CD"       ,       "CL"       ,       "CMz"      
           0,      -10.26893218,      -8.592861653,      -8.971399711,      -9.731986244,      -2.538223074,               2.4,               2.4,      0.1097874991,       1.271770662,       1.259081379
           1,      -10.27297645,      -8.592793291,      -8.979814403,      -9.732028231,      -2.566854146,              2.88,              2.88,      0.1097874917,       1.271770731,       1.259081438
           2,      -10.25875786,      -8.592284209,      -8.992204035,      -9.732060672,      -3.030026835,             3.456,             3.456,      0.1097874825,       1.271770812,       1.259081508
           3,      -10.25631734,      -8.591487669,      -9.006387715,      -9.732080892,      -3.065908257,            4.1472,            4.1472,      0.1097874709,       1.271770907,        1.25908159
           4,      -10.27419352,      -8.590678976,      -9.019534836,      -9.732081729,      -3.108279372,           4.97664,           4.97664,      0.1097874566,       1.271771021,       1.259081687
           5,      -10.30099251,      -8.590199676,        -9.0291273,      -9.732053745,      -3.158209868,          5.971968,          5.971968,      0.1097874392,       1.271771156,       1.259081803
           6,      -10.31847266,      -8.590303779,      -9.033263679,      -9.731988061,      -3.216896626,         7.1663616,         7.1663616,       0.109787418,       1.271771317,        1.25908194
           7,      -10.32392505,      -8.591004124,      -9.031424068,       -9.73189835,      -3.285650423,        8.59963392,        8.59963392,      0.1097873925,       1.271771509,       1.259082105
           8,      -10.32679339,      -8.592061004,      -9.025784485,      -9.731762828,      -3.365864883,        10.3195607,        10.3195607,      0.1097873614,       1.271771739,       1.259082302
           9,      -10.33043038,      -8.593152058,      -9.020078713,      -9.731581624,       -3.45896223,       12.38347284,       12.38347284,      0.1097873234,       1.271772015,       1.259082538
          10,      -10.33362613,      -8.594087084,      -9.016451362,      -9.731361069,      -3.566312633,       14.86016741,       14.86016741,      0.1097872769,       1.271772344,       1.259082819
          11,      -10.33569589,      -8.594877096,      -9.014398836,      -9.731074761,       -3.68913032,        17.8322009,        17.8322009,      0.1097872199,       1.271772738,       1.259083153
          12,      -10.33576429,      -8.595621877,      -9.012350487,        -9.7307091,      -3.828363885,       21.39864108,       21.39864108,      0.1097871503,       1.271773209,       1.259083552
          13,      -10.33315817,      -8.596373004,      -9.009416277,      -9.730243248,      -3.984622266,       25.67836929,       25.67836929,      0.1097870667,       1.271773773,       1.259084029
          14,      -10.32801673,      -8.597108167,      -9.005638061,      -9.729659885,      -4.158201936,       30.81404315,       30.81404315,      0.1097869678,        1.27177445,       1.259084602
          15,      -10.32062564,      -8.597779921,      -9.001229259,      -9.728933276,      -4.349265034,       36.97685178,       36.97685178,      0.1097868533,       1.271775266,       1.259085295
          16,      -10.31080932,      -8.598343878,      -8.996121561,      -9.728041795,      -2.456529679,       44.37222213,       44.37222213,      0.1097867218,        1.27177625,       1.259086133
          17,      -10.29810846,      -8.598747277,      -8.990084352,       -9.72678011,      -2.794489208,       53.24666656,       53.24666656,      0.1097865709,       1.271777435,       1.259087146
          18,      -10.28215897,      -8.598915646,      -8.982890566,      -9.725388218,      -3.164377444,       5.324666656,       5.324666656,       0.109786397,       1.271778869,       1.259088375
          19,      -10.26271144,      -8.598748255,      -8.974312408,      -9.732711551,      -3.564075986,       6.389599987,       6.389599987,      0.1097863815,        1.27177902,       1.259088505
          20,      -10.27144388,      -8.598181355,      -8.993239245,       -9.73271883,      -3.623298805,       7.667519985,       7.667519985,      0.1097863619,       1.271779198,       1.259088658
          21,      -10.28353832,      -8.597029593,      -9.014478132,      -9.732664406,      -3.692143962,       9.201023982,       9.201023982,      0.1097863373,       1.271779407,       1.259088838
          22,      -10.31833696,      -8.596368118,      -9.028041415,      -9.732545789,       -3.77169102,       11.04122878,       11.04122878,      0.1097863072,       1.271779656,       1.259089051
          23,      -10.33549113,      -8.596665738,        -9.0308531,      -9.732359387,      -3.862967824,       13.24947453,       13.24947453,      0.1097862703,       1.271779953,       1.259089306
          24,      -10.33613009,      -8.597637534,      -9.025832683,      -9.732109552,      -3.966902566,       15.89936944,       15.89936944,      0.1097862251,       1.271780309,        1.25908961
          25,      -10.33492013,       -8.59872206,      -9.019327588,      -9.731794518,      -4.084311616,       19.07924333,       19.07924333,      0.1097861693,       1.271780734,       1.259089973
          26,      -10.33367285,      -8.599607202,      -9.014942859,       -9.73140306,      -4.216194362,       22.89509199,       22.89509199,      0.1097861005,       1.271781243,       1.259090405
          27,      -10.33169972,      -8.600306532,      -9.011915863,      -9.730918319,      -4.421739816,       27.47411039,       27.47411039,      0.1097860165,       1.271781853,       1.259090922
          28,      -10.32741486,       -8.60091759,      -9.008454258,      -9.730316399,      -2.487903346,       32.96893247,       32.96893247,      0.1097859156,       1.271782586,       1.259091542
          29,      -10.31994142,      -8.601455091,      -9.003927802,      -9.729509528,      -2.747473958,       39.56271897,       39.56271897,       0.109785797,        1.27178347,       1.259092292
          30,      -10.30945988,      -8.601867098,      -8.998465507,       -9.72847814,      -2.593947585,       47.47526276,       47.47526276,      0.1097856597,       1.271784536,       1.259093202
          31,      -10.29601619,      -8.602085393,      -8.992063908,      -9.727186387,      -2.950433769,       4.747526276,       4.747526276,      0.1097855014,       1.271785823,       1.259094306
          32,      -10.27921901,      -8.602030678,      -8.984463222,      -9.733694848,      -3.343456848,       5.697031531,       5.697031531,      0.1097854871,       1.271785957,       1.259094422
          33,      -10.28605923,      -8.601598005,       -8.99965887,      -9.733722104,      -3.402093016,       6.836437837,       6.836437837,      0.1097854693,       1.271786117,       1.259094559
          34,      -10.29215532,      -8.600615884,      -9.017748426,      -9.733688011,      -3.470842745,       8.203725405,       8.203725405,       0.109785447,       1.271786305,       1.259094721
          35,      -10.32050936,      -8.599919141,      -9.030635614,      -9.733594228,      -3.551210252,       9.844470486,       9.844470486,      0.1097854198,       1.271786528,       1.259094913
          36,      -10.33848407,      -8.599995388,      -9.034889572,      -9.733445804,      -3.818291585,       11.81336458,       11.81336458,      0.1097853868,       1.271786795,       1.259095142
          37,      -10.34043896,      -8.600740088,      -9.031635744,      -9.733238535,      -2.517673125,        14.1760375,        14.1760375,      0.1097853465,       1.271787113,       1.259095415
          38,      -10.33950778,      -8.601705573,      -9.025698222,      -9.732872323,       -2.64923095,         17.011245,         17.011245,      0.1097852973,       1.271787495,       1.259095742
          39,      -10.33857275,      -8.602549147,       -9.02109002,      -9.732533437,      -2.801390879,         20.413494,         20.413494,      0.1097852368,        1.27178795,       1.259096132
          40,      -10.33717498,      -8.603212258,      -9.018057223,      -9.732065083,      -2.976155707,        24.4961928,        24.4961928,      0.1097851629,       1.271788495,       1.259096596
          41,      -10.33413075,      -8.603775659,      -9.015034089,      -9.731604843,      -3.174940927,       29.39543136,       29.39543136,      0.1097850738,       1.271789148,       1.259097151
          42,      -10.32830619,      -8.604277388,      -9.011093885,       -9.73098112,       -3.39831316,       35.27451763,       35.27451763,      0.1097849683,       1.271789933,       1.259097819
          43,      -10.31957983,      -8.604683322,      -9.006213201,      -9.730218622,      -2.485760558,       42.32942116,       42.32942116,      0.1097848456,        1.27179088,       1.259098627
          44,      -10.30803836,      -8.604933023,      -9.000458557,      -9.729108755,      -2.807688363,       50.79530539,       50.79530539,      0.1097847041,       1.271792023,       1.259099607
          45,      -10.29338778,      -8.604958319,      -8.993642844,      -9.727890956,      -3.169455368,       5.079530539,       5.079530539,      0.1097845406,       1.271793402,       1.259100795
          46,      -10.27517133,      -8.604669936,      -8.985471433,      -9.734855008,      -3.562726813,       6.095436647,       6.095436647,       0.109784526,       1.271793547,       1.259100921
          47,      -10.28364229,      -8.604177685,       -9.00176904,      -9.734870374,      -3.620819082,       7.314523976,       7.314523976,      0.1097845075,       1.271793718,       1.259101068
          48,      -10.29235014,      -8.603131697,      -9.020545965,      -9.734835487,      -3.688530412,       8.777428771,       8.777428771,      0.1097844845,       1.271793919,       1.259101242
          49,      -10.32224911,      -8.602439071,      -9.033234001,       -9.73474419,      -3.767005972,       10.53291453,       10.53291453,      0.1097844562,       1.271794159,       1.259101449
          50,      -10.33900541,      -8.602561683,      -9.036732924,      -9.734590828,      -3.857360465,       12.63949743,       12.63949743,      0.1097844216,       1.271794444,       1.259101695
          51,      -10.34039492,      -8.603323293,      -9.032871022,      -9.734378467,        -3.9607523,       15.16739692,       15.16739692,      0.1097843793,       1.271794785,       1.259101989
          52,      -10.33940484,      -8.604246307,      -9.026904218,      -9.734106317,      -4.216550203,        18.2008763,        18.2008763,      0.1097843271,       1.271795193,       1.259102339
          53,      -10.33829953,      -8.605014194,      -9.022493072,      -9.733766577,      -2.492388452,       21.84105156,       21.84105156,      0.1097842627,       1.271795681,       1.259102757
          54,       -10.3365867,      -8.605599237,      -9.019441308,      -9.733250977,      -2.680737885,       26.20926187,       26.20926187,      0.1097841838,       1.271796263,       1.259103253
          55,      -10.33293206,      -8.606083285,      -9.016165964,       -9.73256908,      -2.895803357,       31.45111425,       31.45111425,      0.1097840885,       1.271796961,       1.259103847
          56,      -10.32634558,      -8.606491175,      -9.011912133,       -9.73196718,      -3.138684627,        37.7413371,        37.7413371,      0.1097839758,         1.2717978,       1.259104562
          57,      -10.31681776,      -8.606781425,      -9.006707912,      -9.731150684,      -2.506250334,       45.28960451,       45.28960451,      0.1097838445,        1.27179881,       1.259105425
          58,      -10.30437659,      -8.606891547,      -9.000560797,      -9.729969133,      -2.851249668,       45.28960451,       45.28960451,      0.1097836927,       1.271800027,       1.259106469
          59,      -10.28866159,      -8.606748966,      -8.993236133,       -9.73032195,      -3.230258428,       45.28960451,       45.28960451,      0.1097835444,       1.271801247,       1.259107517
          60,      -10.28395947,      -8.606302792,      -8.991449959,      -9.730580966,      -3.595983114,       45.28960451,       45.28960451,      0.1097833967,       1.271802467,       1.259108566
          61,      -10.28410487,      -8.605801681,      -8.991071455,      -9.730882688,      -3.944421031,       45.28960451,       45.28960451,      0.1097832481,       1.271803687,       1.259109614
          62,      -10.28436728,      -8.605358273,      -8.990332281,      -9.731187192,      -4.271814611,       45.28960451,       45.28960451,       0.109783098,       1.271804907,        1.25911066
          63,      -10.28399494,      -8.604959873,      -8.989389765,      -9.731488471,      -4.576283809,       45.28960451,       45.28960451,      0.1097829466,       1.271806127,       1.259111706
          64,      -10.28354638,      -8.604588488,      -8.988512934,      -9.731787693,      -4.857852591,       45.28960451,       45.28960451,      0.1097827942,       1.271807346,       1.259112752
          65,      -10.28324018,      -8.604242001,      -8.987733045,       -9.73208277,       -5.11555227,       45.28960451,       45.28960451,      0.1097826411,       1.271808564,       1.259113798
          66,       -10.2830021,      -8.603922063,      -8.987017345,      -9.732368769,      -5.341649672,       45.28960451,       45.28960451,      0.1097824876,       1.271809781,       1.259114843
          67,      -10.28276474,      -8.603628836,       -8.98635197,      -9.732644032,      -5.517567047,       45.28960451,       45.28960451,      0.1097823339,       1.271810995,       1.259115886
          68,      -10.28251953,      -8.603361482,      -8.985734564,      -9.732907428,      -5.626686586,       45.28960451,       45.28960451,      0.1097821802,       1.271812208,       1.259116927
          69,      -10.28226968,      -8.603119004,       -8.98516241,       -9.73315846,      -5.678185148,       45.28960451,       45.28960451,      0.1097820266,       1.271813418,       1.259117967
          70,      -10.28201125,      -8.602900385,      -8.984632084,      -9.733397159,      -5.697720029,       45.28960451,       45.28960451,      0.1097818731,       1.271814627,       1.259119005
          71,      -10.28173964,      -8.602704577,      -8.984141234,      -9.733623956,      -5.694184529,       45.28960451,       45.28960451,      0.1097817198,       1.271815835,       1.259120043
          72,      -10.28145547,      -8.602530553,      -8.983688651,       -9.73383954,       -3.92561091,       45.28960451,       45.28960451,      0.1097815666,       1.271817043,       1.259121079
          73,      -10.28116575,      -8.602377367,      -8.983273827,      -9.734042859,      -2.494009937,       45.28960451,       45.28960451,      0.1097814134,        1.27181825,       1.259122115
          74,      -10.28087611,      -8.602243874,      -8.982895752,      -9.733880874,      -2.864649502,       45.28960451,       45.28960451,      0.1097812602,       1.271819456,        1.25912315
          75,      -10.28059822,      -8.602130834,      -8.982552565,      -9.734236446,      -2.538598559,       45.28960451,       45.28960451,      0.1097811069,       1.271820662,       1.259124185
          76,      -10.28033967,      -8.602036118,       -8.98224451,      -9.734230845,       -2.92817447,       45.28960451,       45.28960451,      0.1097809534,       1.271821868,       1.259125219
          77,      -10.28010833,      -8.601960045,      -8.981969437,      -9.734510526,        -3.3071345,       45.28960451,       45.28960451,      0.1097807997,       1.271823073,       1.259126251
          78,      -10.27990828,      -8.601901778,       -8.98172597,      -9.734718905,      -3.672990296,       45.28960451,       45.28960451,       0.109780646,       1.271824277,       1.259127283
          79,      -10.27974183,      -8.601860659,      -8.981512331,      -9.734897428,      -4.021717733,       45.28960451,       45.28960451,      0.1097804921,       1.271825481,       1.259128314
          80,      -10.27960957,      -8.601836206,      -8.981326601,      -9.735081537,      -4.349509346,       45.28960451,       45.28960451,      0.1097803383,       1.271826684,       1.259129344
          81,      -10.27951045,      -8.601827602,      -8.981167231,      -9.735257232,      -4.654340673,       45.28960451,       45.28960451,      0.1097801846,       1.271827886,       1.259130373
          82,      -10.27944293,      -8.601834039,      -8.981032845,      -9.735429803,      -4.936976991,       45.28960451,       45.28960451,      0.1097800309,       1.271829088,       1.259131401
          83,      -10.27940531,      -8.601854742,       -8.98092233,      -9.735601328,      -5.251428022,       45.28960451,       45.28960451,      0.1097798774,       1.271830288,       1.259132428
          84,      -10.27939332,      -8.601888841,      -8.980834342,      -9.735770381,      -2.485600186,       45.28960451,       45.28960451,      0.1097797239,       1.271831488,       1.259133455
          85,      -10.27940456,      -8.601935145,      -8.980767895,      -9.735583306,      -2.856432117,       45.28960451,       45.28960451,      0.1097795706,       1.271832686,        1.25913448
          86,      -10.27943652,      -8.601994328,      -8.980720733,      -9.735915774,      -2.540392339,       45.28960451,       45.28960451,      0.1097794172,       1.271833883,       1.259135504
          87,      -10.27948403,      -8.602064089,      -8.980692956,      -9.735896486,      -2.929985947,       45.28960451,       45.28960451,      0.1097792639,       1.271835079,       1.259136527
          88,      -10.27954436,      -8.602144534,      -8.980682674,      -9.736168953,      -3.308983402,       45.28960451,       45.28960451,      0.1097791105,       1.271836274,       1.259137548
          89,      -10.27961399,      -8.602234658,      -8.980688973,      -9.736375983,      -3.674889027,       45.28960451,       45.28960451,      0.1097789572,       1.271837468,       1.259138569
          90,      -10.27969077,      -8.602333702,      -8.980710629,      -9.736558211,      -4.023677729,       45.28960451,       45.28960451,      0.1097788038,       1.271838661,       1.259139589
          91,      -10.27977356,       -8.60244117,      -8.980746277,      -9.736750404,      -4.351564037,       45.28960451,       45.28960451,      0.1097786503,       1.271839853,       1.259140608
          92,      -10.27986179,      -8.602556315,      -8.980794837,      -9.736937847,      -4.656916487,       45.28960451,       45.28960451,      0.1097784969,       1.271841044,       1.259141627
          93,      -10.27995561,      -8.602678453,      -8.980855242,      -9.737125213,       -4.95735851,       45.28960451,       45.28960451,      0.1097783435,       1.271842235,       1.259142645
          94,      -10.28005566,      -8.602806934,      -8.980926506,      -9.737314059,      -2.485690278,       45.28960451,       45.28960451,      0.1097781901,       1.271843425,       1.259143663
          95,      -10.28016277,      -8.602940709,      -8.981007737,      -9.737147828,      -2.856585859,       45.28960451,       45.28960451,      0.1097780368,       1.271844616,       1.259144681
          96,      -10.28027912,      -8.603080604,       -8.98109697,      -9.737502029,      -2.540360509,       45.28960451,       45.28960451,      0.1097778837,       1.271845806,       1.259145699
          97,      -10.28040367,      -8.603224501,      -8.981194732,      -9.737505803,      -2.929935629,       45.28960451,       45.28960451,      0.1097777308,       1.271846996,       1.259146718
          98,      -10.28053721,      -8.603372723,      -8.981299455,      -9.737801467,      -3.308899703,       45.28960451,       45.28960451,      0.1097775781,       1.271848187,       1.259147737
          99,      -10.28067987,      -8.603524548,      -8.981410953,      -9.738032125,      -3.674753749,       45.28960451,       45.28960451,      0.1097774258,       1.271849378,       1.259148757
         100,       -10.2808316,      -8.603679552,      -8.981528615,       -9.73823816,      -4.023472291,       45.28960451,       45.28960451,      0.1097772738,        1.27185057,       1.259149778
         101,      -10.28099234,      -8.603837636,      -8.981651659,      -9.738454244,      -4.351311471,       45.28960451,       45.28960451,      0.1097771221,       1.271851762,         1.2591508
         102,       -10.2811615,      -8.603998498,      -8.981779622,      -9.738665485,      -4.657495568,       45.28960451,       45.28960451,      0.1097769709,       1.271852955,       1.259151823
         103,       -10.2813383,       -8.60416193,      -8.981912083,      -9.738876425,      -5.044916397,       45.28960451,       45.28960451,        0.10977682,       1.271854148,       1.259152847
         104,       -10.2815218,      -8.604327763,      -8.982048733,      -9.739088487,      -2.486218542,       4.528960451,       4.528960451,      0.1097766696,       1.271855341,       1.259153872
         105,      -10.28171087,      -8.604495424,        -8.9821894,      -9.744634949,      -2.857107111,                 1,                 1,      0.1097766559,       1.271855466,        1.25915398
         106,       -10.2831555,      -8.604040615,      -9.000331753,      -9.745229307,      -2.910956181,                 1,                 1,       0.109776653,       1.271855494,       1.259154004
         107,      -10.27469038,      -8.603803351,      -9.006039426,      -9.745285877,      -2.923396083,                 1,                 1,        0.10977665,       1.271855522,       1.259154028
         108,       -10.2675353,      -8.603503834,      -9.011898664,      -9.745333569,      -2.935814391,                 1,                 1,       0.109776647,        1.27185555,       1.259154052
         109,      -10.26350972,      -8.603168275,      -9.017650955,      -9.745375299,      -2.948210896,                 1,                 1,      0.1097766439,       1.271855577,       1.259154075
         110,      -10.26294038,      -8.602819192,       -9.02311934,      -9.745412793,       -2.96058537,                 1,                 1,      0.1097766408,       1.271855604,       1.259154099
         111,      -10.26543247,      -8.602475715,      -9.028193674,      -9.745447085,      -2.972937568,                 1,                 1,      0.1097766376,       1.271855632,       1.259154122
         112,      -10.27027096,      -8.602153639,      -9.032811848,      -9.745478798,      -2.985267227,                 1,                 1,      0.1097766343,       1.271855658,       1.259154145
         113,      -10.27661967,      -8.601865477,      -9.036943425,      -9.745508315,      -2.997574071,                 1,                 1,       0.109776631,       1.271855685,       1.259154168
         114,      -10.28363278,      -8.601620596,      -9.040577218,      -9.745535878,      -3.009857808,                 1,                 1,      0.1097766277,       1.271855712,       1.259154191
         115,      -10.29053898,      -8.601425413,      -9.043712486,      -9.745561646,      -3.022118137,                 1,                 1,      0.1097766244,       1.271855739,       1.259154214
         116,      -10.29671779,      -8.601283656,      -9.046353276,      -9.745585734,      -3.034354743,               1.2,               1.2,      0.1097766211,       1.271855765,       1.259154237
         117,      -10.30176106,      -8.601196648,      -9.048505637,      -9.745586899,      -3.046567308,                 1,                 1,       0.109776617,       1.271855797,       1.259154264
         118,      -10.30625523,      -8.601167596,      -9.050406266,      -9.745632864,      -3.061148367,                 1,                 1,      0.1097766136,       1.271855824,       1.259154287
         119,      -10.30851698,      -8.601196398,      -9.051515206,      -9.745652179,      -3.073307011,                 1,                 1,      0.1097766102,        1.27185585,        1.25915431
         120,      -10.30981782,      -8.601271437,      -9.052180479,      -9.745670167,      -3.085440529,                 1,                 1,      0.1097766069,       1.271855876,       1.259154332
         121,      -10.31046396,      -8.601387499,      -9.052432142,      -9.745686917,       -3.09754857,                 1,                 1,      0.1097766035,       1.271855903,       1.259154355
         122,      -10.31075815,      -8.601538688,      -9.052311354,      -9.745702521,      -3.109630784,                 1,                 1,      0.1097766001,       1.271855929,       1.259154378
         123,      -10.31095033,      -8.601718727,      -9.051869844,      -9.745717073,      -3.121686817,                 1,                 1,      0.1097765967,       1.271855955,         1.2591544
         124,      -10.31121455,      -8.601921234,      -9.051167607,      -9.745730669,      -3.133716314,                 1,                 1,      0.1097765933,       1.271855982,       1.259154423
         125,      -10.31164786,      -8.602139955,      -9.050269322,      -9.745743403,       -3.14571892,                 1,                 1,      0.1097765899,       1.271856008,       1.259154445
         126,      -10.31228313,      -8.602368976,      -9.049240261,       -9.74575537,      -3.157694279,                 1,                 1,      0.1097765865,       1.271856034,       1.259154468
         127,      -10.31310816,      -8.602602878,      -9.048142401,      -9.745766658,       -3.16964204,                 1,                 1,      0.1097765832,       1.271856061,        1.25915449
         128,      -10.31408503,      -8.602836862,      -9.047031282,      -9.745777353,       -3.18156185,               1.2,               1.2,      0.1097765798,       1.271856087,       1.259154513
         129,      -10.31516622,      -8.603066835,      -9.045953892,      -9.745763876,       -3.19345335,              1.44,              1.44,      0.1097765757,       1.271856118,        1.25915454
         130,      -10.31654727,      -8.603330874,      -9.044754809,      -9.745746519,      -3.207645422,             1.728,             1.728,      0.1097765708,       1.271856156,       1.259154572
         131,      -10.31829087,      -8.603627621,      -9.043484153,      -9.745724282,      -3.224564581,            2.0736,            2.0736,       0.109776565,       1.271856201,       1.259154611
         132,       -10.3204726,      -8.603953138,      -9.042219292,      -9.745695966,        -3.2447083,           2.48832,           2.48832,      0.1097765579,       1.271856256,       1.259154658
         133,       -10.3231691,      -8.604301719,      -9.041054108,      -9.745660136,      -3.268653221,          2.985984,          2.985984,      0.1097765494,       1.271856321,       1.259154714
         134,      -10.32642423,      -8.604668186,       -9.04007303,      -9.745615033,      -3.297062627,         3.5831808,         3.5831808,      0.1097765392,       1.271856399,       1.259154781
         135,      -10.33020721,      -8.605051265,      -9.039312623,      -9.745558403,      -3.330692205,        4.29981696,        4.29981696,      0.1097765267,       1.271856492,       1.259154861
         136,      -10.33438938,      -8.605456324,      -9.038726655,      -9.745487199,      -3.370392728,       5.159780352,       5.159780352,      0.1097765117,       1.271856605,       1.259154957
         137,      -10.33874638,      -8.605895079,       -9.03818173,      -9.745402538,      -3.417107909,       6.191736422,       6.191736422,      0.1097764935,       1.271856739,       1.259155072
         138,      -10.34298137,      -8.606381082,      -9.037501384,      -9.745296081,      -3.471865372,       7.430083707,       7.430083707,      0.1097764713,         1.2718569,        1.25915521
         139,      -10.34677771,      -8.606923287,       -9.03653954,      -9.745162412,      -3.535758817,       8.916100448,       8.916100448,      0.1097764443,       1.271857093,       1.259155375
         140,      -10.34985886,      -8.607521918,      -9.035232471,      -9.744993353,      -3.609920468,       10.69932054,       10.69932054,      0.1097764114,       1.271857324,       1.259155572
         141,       -10.3519989,      -8.608169501,      -9.033588346,      -9.744785647,       -3.69548555,       12.83918465,       12.83918465,      0.1097763713,         1.2718576,       1.259155807
         142,      -10.35299565,      -8.608854911,      -9.031627396,      -9.744522387,      -3.793555472,       15.40702157,       15.40702157,      0.1097763226,        1.27185793,       1.259156087
         143,      -10.35265302,      -8.609566324,      -9.029330303,      -9.744191186,      -3.905173415,       18.48842589,       18.48842589,      0.1097762638,       1.271858326,       1.259156423
         144,      -10.35076633,      -8.610290718,      -9.026634733,       -9.74377737,      -4.031331768,       22.18611107,       22.18611107,       0.109776194,       1.271858801,       1.259156826
         145,        -10.347115,      -8.611011384,      -9.023458657,      -9.743265526,      -4.173027473,       26.62333328,       26.62333328,      0.1097761125,       1.271859374,       1.259157312
         146,      -10.34146262,      -8.611704579,      -9.019711055,      -9.742636021,      -4.331356117,       31.94799994,       31.94799994,      0.1097760188,       1.271860065,       1.259157902
         147,      -10.33354137,      -8.612335909,       -9.01528441,      -9.741870714,      -4.507575285,       38.33759992,       38.33759992,      0.1097759119,       1.271860898,       1.259158617
         148,      -10.32304813,      -8.612856704,      -9.010043562,       -9.74095356,      -2.455542101,       46.00511991,       46.00511991,      0.1097757888,         1.2718619,        1.25915948
         149,      -10.30967468,      -8.613201038,       -9.00381844,      -9.739656871,      -2.801461415,       46.00511991,       46.00511991,       0.109775646,       1.271863106,       1.259160519
         150,      -10.29312047,      -8.613285821,      -8.996398619,       -9.73973794,      -3.179790698,       46.00511991,       46.00511991,      0.1097755052,       1.271864318,       1.259161562
         151,      -10.28838999,      -8.613030774,      -8.994884232,      -9.740089232,      -3.542581133,       46.00511991,       46.00511991,      0.1097753642,       1.271865536,       1.259162609
         152,      -10.28879651,      -8.612708616,      -8.994841424,      -9.740385639,      -3.885734653,       46.00511991,       46.00511991,      0.1097752214,       1.271866758,       1.259163659
         153,      -10.28926603,      -8.612439925,      -8.994405971,      -9.740689462,      -4.206248717,       46.00511991,       46.00511991,      0.1097750765,       1.271867983,       1.259164712
         154,      -10.28903599,      -8.612210074,      -8.993757444,      -9.740997824,      -4.503767182,       46.00511991,       46.00511991,      0.1097749294,       1.271869209,       1.259165767
         155,      -10.28873062,      -8.611999918,      -8.993175107,       -9.74131169,      -4.780098339,       46.00511991,       46.00511991,      0.1097747806,       1.271870434,       1.259166821
         156,      -10.28858481,      -8.611807341,      -8.992682865,      -9.741629464,      -5.036394443,       46.00511991,       46.00511991,      0.1097746305,       1.271871657,       1.259167873
         157,      -10.28851139,      -8.611633949,      -8.992241109,      -9.741943851,      -5.268540233,       46.00511991,       46.00511991,      0.1097744795,       1.271872876,       1.259168923
         158,      -10.28842838,      -8.611479452,      -8.991833334,      -9.742252076,      -5.462269055,       46.00511991,       46.00511991,      0.1097743281,        1.27187409,       1.259169968
         159,       -10.2883175,      -8.611342369,      -8.991456357,      -9.742552204,      -5.597492033,       46.00511991,       46.00511991,      0.1097741765,         1.2718753,        1.25917101
         160,      -10.28817729,      -8.611221097,      -8.991107204,      -9.742843085,      -5.670722587,       46.00511991,       46.00511991,      0.1097740249,       1.271876506,       1.259172048
         161,      -10.28800495,      -8.611114255,        -8.9907826,      -9.743124162,      -5.702405159,       46.00511991,       46.00511991,      0.1097738734,       1.271877708,       1.259173083
         162,        -10.287802,      -8.611020825,      -8.990480589,      -9.743395278,      -4.580317374,       46.00511991,       46.00511991,      0.1097737218,       1.271878908,       1.259174115
         163,      -10.28757563,      -8.610940219,      -8.990200366,      -9.743654783,      -2.487165283,                 1,                 1,      0.1097735699,       1.271880104,       1.259175143
         164,      -10.28734003,      -8.610871949,      -8.989941529,      -9.749620217,      -2.861851153,               1.2,               1.2,      0.1097735672,       1.271880133,       1.259175168
         165,       -10.2947308,      -8.610922673,      -8.993815363,      -9.749711251,      -2.874365692,              1.44,              1.44,      0.1097735638,       1.271880166,       1.259175197
         166,      -10.28710752,      -8.610789029,      -8.999721509,       -9.74978372,      -2.889311549,             1.728,             1.728,      0.1097735597,       1.271880206,       1.259175231
         167,      -10.27367687,      -8.610453126,      -9.007711014,      -9.749841497,        -2.9071446,            2.0736,            2.0736,      0.1097735545,       1.271880253,       1.259175272
         168,      -10.26427642,      -8.609922893,      -9.017379918,      -9.749887462,      -2.928399062,           2.48832,           2.48832,      0.1097735481,       1.271880309,        1.25917532
         169,      -10.26581955,      -8.609255612,      -9.027876181,      -9.749922342,        -2.9536977,          2.985984,          2.985984,      0.1097735401,       1.271880375,       1.259175377
         170,      -10.28011554,      -8.608576153,      -9.038025682,      -9.749944064,      -2.983761755,         3.5831808,         3.5831808,      0.1097735303,       1.271880454,       1.259175445
         171,      -10.30190545,      -8.608069778,      -9.046508149,      -9.749947971,      -3.019419632,        4.29981696,        4.29981696,      0.1097735183,       1.271880548,       1.259175525
         172,      -10.32052824,      -8.607929833,      -9.051924772,      -9.749927948,      -3.061612874,       5.159780352,       5.159780352,      0.1097735038,       1.271880659,       1.259175621
         173,      -10.32982291,      -8.608266864,      -9.053057125,      -9.749878076,      -3.111397245,       6.191736422,       6.191736422,      0.1097734863,       1.271880793,       1.259175735
         174,      -10.33415589,      -8.609031927,      -9.049892122,      -9.749793685,      -3.169935938,       7.430083707,       7.430083707,      0.1097734652,       1.271880952,       1.259175872
         175,      -10.33906047,      -8.610025621,      -9.044421254,      -9.749694141,      -3.238481182,       8.916100448,       8.916100448,      0.1097734396,       1.271881143,       1.259176036
         176,       -10.3446567,      -8.611011505,      -9.039429085,      -9.749553055,      -3.318340326,       10.69932054,       10.69932054,      0.1097734085,       1.271881372,       1.259176233
         177,      -10.34954519,      -8.611857141,      -9.036346356,      -9.749367761,      -3.410823579,       12.83918465,       12.83918465,      0.1097733703,       1.271881646,       1.259176467
         178,      -10.35310563,      -8.612581402,      -9.034644363,      -9.749143846,      -3.517174579,       15.40702157,       15.40702157,      0.1097733235,       1.271881973,       1.259176746
         179,      -10.35459773,      -8.613273344,      -9.032967515,      -9.748849942,      -3.638493735,       18.48842589,       18.48842589,      0.1097732662,       1.271882364,       1.259177078
         180,      -10.35352203,      -8.613984352,      -9.030482899,      -9.748473423,      -3.775679256,       22.18611107,       22.18611107,      0.1097731967,       1.271882831,       1.259177474
         181,      -10.35003092,      -8.614699617,      -9.027187749,      -9.747993189,       -3.92942755,       26.62333328,       26.62333328,      0.1097731135,       1.271883392,       1.259177949
         182,      -10.34443375,      -8.615377458,       -9.02330967,      -9.747393818,       -4.10033609,       31.94799994,       31.94799994,      0.1097730161,       1.271884066,        1.25917852
         183,      -10.33664978,      -8.615979992,      -9.018836439,      -9.746648871,      -4.289106823,       38.33759992,       38.33759992,      0.1097729035,       1.271884878,        1.25917921
         184,      -10.32625594,      -8.616467405,      -9.013567611,      -9.745737109,      -2.460695139,       46.00511991,       46.00511991,      0.1097727742,       1.271885856,       1.259180045
         185,      -10.31284578,      -8.616781288,      -9.007291129,       -9.74443027,      -2.798373196,       46.00511991,       46.00511991,       0.109772625,       1.271887034,       1.259181053
         186,      -10.29614603,      -8.616840614,      -8.999802242,      -9.744483715,      -3.177251842,       46.00511991,       46.00511991,      0.1097724791,        1.27188822,       1.259182066
         187,      -10.29128878,      -8.616564571,      -8.998255344,      -9.744802326,      -3.540816508,       46.00511991,       46.00511991,      0.1097723337,        1.27188941,       1.259183083
         188,      -10.29162455,      -8.616226106,        -8.9981857,      -9.745060773,      -3.884974981,       46.00511991,       46.00511991,      0.1097721873,       1.271890605,       1.259184104
         189,      -10.29204297,      -8.615945653,      -8.997720745,      -9.745322636,       -4.20663832,       46.00511991,       46.00511991,      0.1097720396,       1.271891805,       1.259185128
         190,      -10.29176678,      -8.615707884,      -8.997045226,      -9.745586028,      -4.505310325,       46.00511991,       46.00511991,      0.1097718906,       1.271893008,       1.259186157
         191,      -10.29142213,      -8.615493111,      -8.996441991,       -9.74585294,      -4.782690773,       46.00511991,       46.00511991,      0.1097717406,       1.271894212,       1.259187187
         192,      -10.29124692,      -8.615298942,      -8.995935501,      -9.746122529,      -5.039881656,       46.00511991,       46.00511991,      0.1097715898,       1.271895416,       1.259188219
         193,      -10.29115578,      -8.615126904,      -8.995485874,      -9.746388022,      -5.272674709,       46.00511991,       46.00511991,      0.1097714388,       1.271896619,        1.25918925
         194,      -10.29106855,      -8.614976774,      -8.995076215,      -9.746647004,      -5.466514001,       46.00511991,       46.00511991,      0.1097712877,        1.27189782,        1.25919028
         195,      -10.29096789,      -8.614847218,      -8.994702802,      -9.746897792,      -5.601152452,       46.00511991,       46.00511991,      0.1097711367,       1.271899018,       1.259191309
         196,      -10.29085155,      -8.614736753,      -8.994362042,      -9.747139447,      -5.674604631,       46.00511991,       46.00511991,      0.1097709858,       1.271900214,       1.259192336
         197,      -10.29071464,         -8.614644,      -8.994050126,       -9.74737162,      -4.887912327,       46.00511991,       46.00511991,      0.1097708352,       1.271901408,        1.25919336
         198,      -10.29055653,      -8.614567768,      -8.993764735,      -9.747594385,      -2.486181777,       46.00511991,       46.00511991,      0.1097706845,       1.271902599,       1.259194383
         199,      -10.29038466,      -8.614506749,       -8.99350492,      -9.747440882,      -2.860879481,       46.00511991,       46.00511991,      0.1097705337,       1.271903788,       1.259195404
         200,       -10.2902142,      -8.614461804,      -8.993269189,      -9.747816395,       -2.53874095,       46.00511991,       46.00511991,      0.1097703825,       1.271904975,       1.259196422
         201,      -10.29005569,      -8.614431056,       -8.99305816,        -9.7478198,       -2.93181586,       46.00511991,       46.00511991,      0.1097702308,        1.27190616,       1.259197438
         202,      -10.28992294,      -8.614415232,       -8.99287034,      -9.748121772,      -3.314574856,       46.00511991,       46.00511991,      0.1097700786,       1.271907343,       1.259198452
         203,      -10.28982624,      -8.614413972,      -8.992705359,      -9.748348844,      -3.684008762,       46.00511991,       46.00511991,      0.1097699259,       1.271908524,       1.259199463
         204,      -10.28977196,      -8.614427087,      -8.992562223,      -9.748558341,      -4.035993024,       46.00511991,       46.00511991,      0.1097697729,       1.271909704,       1.259200472
         205,      -10.28976246,      -8.614454337,      -8.992439886,      -9.748753548,      -4.366900149,       46.00511991,       46.00511991,      0.1097696197,       1.271910882,       1.259201479
         206,      -10.28979662,      -8.614495283,      -8.992337694,      -9.748942602,        -4.6852347,       46.00511991,       46.00511991,      0.1097694665,        1.27191206,       1.259202486
         207,      -10.28987062,      -8.614549197,       -8.99225548,      -9.749128249,      -2.486112334,       46.00511991,       46.00511991,      0.1097693134,       1.271913237,       1.259203492
         208,      -10.28997897,      -8.614614871,       -8.99219337,      -9.748940691,      -2.861064953,       46.00511991,       46.00511991,      0.1097691607,       1.271914414,       1.259204498
         209,      -10.29011591,      -8.614692882,      -8.992150427,      -9.749293599,      -2.538563608,       46.00511991,       46.00511991,      0.1097690084,       1.271915591,       1.259205505
         210,      -10.29027226,      -8.614780814,      -8.992128112,      -9.749277756,      -2.931924227,       46.00511991,       46.00511991,      0.1097688566,       1.271916768,       1.259206512
         211,      -10.29044047,      -8.614878718,      -8.992125635,      -9.749567189,      -3.314561789,       46.00511991,       46.00511991,      0.1097687053,       1.271917945,        1.25920752
         212,      -10.29061163,      -8.614985602,      -8.992142754,       -9.74978603,      -3.683796504,       46.00511991,       46.00511991,      0.1097685545,       1.271919123,       1.259208528
         213,      -10.29077789,      -8.615100813,      -8.992178482,      -9.749991257,      -4.035492427,       46.00511991,       46.00511991,      0.1097684042,       1.271920302,       1.259209538
         214,      -10.29093282,      -8.615223847,      -8.992231336,      -9.750185507,      -4.366146613,       46.00511991,       46.00511991,      0.1097682543,       1.271921481,       1.259210548
         215,      -10.29107177,      -8.615354208,      -8.992299673,      -9.750376271,      -4.702792226,       46.00511991,       46.00511991,      0.1097681047,        1.27192266,       1.259211559
         216,      -10.29119238,      -8.615491282,      -8.992381898,      -9.750567508,      -2.486206439,       46.00511991,       46.00511991,      0.1097679554,       1.271923839,       1.259212571
         217,      -10.29129471,      -8.615634056,      -8.992476473,      -9.750385459,      -2.861157737,       46.00511991,       46.00511991,      0.1097678062,       1.271925019,       1.259213582
         218,      -10.29138206,       -8.61578335,      -8.992580823,      -9.750744353,      -2.538747027,       46.00511991,       46.00511991,      0.1097676572,       1.271926198,       1.259214594
         219,      -10.29145691,      -8.615936968,      -8.992695012,       -9.75073593,      -2.931620176,       46.00511991,       46.00511991,      0.1097675081,       1.271927378,       1.259215606
         220,      -10.29152644,      -8.616095138,      -8.992817412,      -9.751033358,      -3.314257001,       46.00511991,       46.00511991,      0.1097673591,       1.271928557,       1.259216618
         221,      -10.29159386,      -8.616257024,      -8.992947128,      -9.751260912,      -3.683502687,       46.00511991,       46.00511991,      0.1097672101,       1.271929736,       1.259217629
         222,      -10.29166454,      -8.616422134,      -8.993082938,      -9.751475584,      -4.035262955,       46.00511991,       46.00511991,       0.109767061,       1.271930914,        1.25921864
         223,      -10.29174488,      -8.616590147,      -8.993223931,      -9.751680057,      -4.367598106,       46.00511991,       46.00511991,      0.1097669119,       1.271932092,       1.259219649
         224,      -10.29183906,      -8.616760794,      -8.993368996,      -9.751881919,      -3.168829513,       46.00511991,       46.00511991,      0.1097667627,       1.271933268,       1.259220658
         225,      -10.29194986,      -8.616933599,      -8.993517206,      -9.752035089,      -2.540806464,       46.00511991,       46.00511991,      0.1097666135,       1.271934444,       1.259221666
         226,      -10.29207944,      -8.617108601,      -8.993667391,       -9.75202292,      -2.914999626,       46.00511991,       46.00511991,      0.1097664643,       1.271935619,       1.259222673
         227,      -10.29222842,      -8.617285874,      -8.993818979,       -9.75230885,      -2.527945056,       46.00511991,       46.00511991,       0.109766315,       1.271936793,       1.259223678
         228,      -10.29239531,      -8.617464559,      -8.993972086,      -9.752312661,      -2.920659079,       46.00511991,       46.00511991,      0.1097661657,       1.271937965,       1.259224682
         229,      -10.29257863,      -8.617645201,      -8.994126179,      -9.752620151,      -3.302806924,       46.00511991,       46.00511991,      0.1097660164,       1.271939137,       1.259225685
         230,      -10.29277492,        -8.6178273,      -8.994281729,       -9.75286294,      -3.671332718,       46.00511991,       46.00511991,      0.1097658671,       1.271940307,       1.259226687
         231,      -10.29298068,      -8.618010694,      -8.994438955,      -9.753094476,      -4.022119534,       46.00511991,       46.00511991,      0.1097657178,       1.271941476,       1.259227688
         232,      -10.29319212,      -8.618195364,      -8.994597982,      -9.753316552,      -4.352772443,       46.00511991,       46.00511991,      0.1097655686,       1.271942645,       1.259228688
         233,      -10.29340542,      -8.618381265,      -8.994758989,      -9.753536405,      -3.543865041,       46.00511991,       46.00511991,      0.1097654193,       1.271943812,       1.259229687
         234,       -10.2936166,      -8.618568158,      -8.994922228,      -9.753742318,      -2.508913948,       46.00511991,       46.00511991,      0.1097652701,       1.271944979,       1.259230686
         235,      -10.29382317,       -8.61875577,      -8.995087735,      -9.753752405,      -2.883581246,       46.00511991,       46.00511991,      0.1097651209,       1.271946145,       1.259231684
         236,       -10.2940229,      -8.618944563,      -8.995255222,      -9.754042211,      -2.539179616,       46.00511991,       46.00511991,      0.1097649717,        1.27194731,       1.259232681
         237,      -10.29421328,      -8.619133531,      -8.995425298,      -9.754061454,       -2.91978726,       46.00511991,       46.00511991,      0.1097648226,       1.271948475,       1.259233678
         238,      -10.29439389,      -8.619323091,      -8.995597575,      -9.754381768,      -3.302408593,       46.00511991,       46.00511991,      0.1097646735,        1.27194964,       1.259234676
         239,      -10.29456411,       -8.61951267,      -8.995772361,      -9.754637813,      -3.671625181,       46.00511991,       46.00511991,      0.1097645245,       1.271950805,       1.259235673
         240,      -10.29472454,      -8.619702067,      -8.995949508,      -9.754882081,      -4.023536606,       46.00511991,       46.00511991,      0.1097643755,        1.27195197,        1.25923667
         241,      -10.29487649,      -8.619891248,      -8.996128622,      -9.755115985,        -4.3868088,       46.00511991,       46.00511991,      0.1097642266,       1.271953134,       1.259237667
         242,      -10.29502164,      -8.620080209,      -8.996309279,      -9.755346613,      -2.487463709,       46.00511991,       46.00511991,      0.1097640778,       1.271954298,       1.259238664
         243,      -10.29516184,      -8.620268461,      -8.996491131,      -9.755206296,      -2.862612557,       46.00511991,       46.00511991,      0.1097639291,       1.271955463,       1.259239661
         244,      -10.29530008,      -8.620457378,      -8.996672666,      -9.755606187,      -2.540266887,       4.600511991,       4.600511991,      0.1097637804,       1.271956627,       1.259240658
         245,       -10.2954368,       -8.62064538,       -8.99685491,      -9.761461411,      -2.928715978,                 1,                 1,      0.1097637669,       1.271956749,       1.259240763
         246,      -10.29693581,      -8.620171789,      -9.015691729,      -9.762020801,      -2.989044419,               1.2,               1.2,       0.109763764,       1.271956775,       1.259240786
         247,      -10.28831553,      -8.619928002,      -9.021545529,      -9.762050517,      -3.017969026,              1.44,              1.44,      0.1097637605,       1.271956807,       1.259240814
         248,      -10.28079609,      -8.619559515,      -9.028642363,      -9.762077319,      -2.623090061,                 1,                 1,      0.1097637562,       1.271956845,       1.259240846
         249,      -10.27880402,      -8.619078505,      -9.036676355,      -9.762172782,      -2.641837797,                 1,                 1,      0.1097637532,       1.271956872,       1.259240869
         250,      -10.27990025,      -8.618731105,      -9.041999188,      -9.762207401,      -2.654913214,                 1,                 1,      0.1097637501,       1.271956898,       1.259240891
